layer,component,rank,feature_index,total_pos_delta_energy,share_total_pos_delta_energy,token_topk_count,token_topk_frac,mean_before_energy,mean_after_energy,mean_energy_ratio,selected_tokens
0,block,1,690,313847286071296.0,0.3062948932458238,2048,1.0,12.82336711883545,153245745152.0,5479116086181888.0,2048
0,block,2,487,28779260936192.0,0.028086719393017677,1890,0.9228515625,0.7438674569129944,14052373504.0,27883307270144.0,2048
0,block,3,443,10701400702976.0,0.010443883160277546,835,0.40771484375,0.8369587659835815,5225293312.0,203432607744.0,2048
0,block,4,684,10247976517632.0,0.010001370133692171,267,0.13037109375,1.0805490016937256,5003894784.0,96914907136.0,2048
0,block,5,158,7187684392960.0,0.007014720603084124,530,0.2587890625,1.1735831499099731,3509611520.0,107788902400.0,2048
0,block,6,236,6416119103488.0,0.006261722191247217,267,0.13037109375,0.8754402995109558,3132870656.0,722638012416.0,2048
0,block,7,192,6360439717888.0,0.00620738266936755,294,0.1435546875,1.5709468126296997,3105683456.0,196816470016.0,2048
0,block,8,131,5830621528064.0,0.005690313976745583,68,0.033203125,0.884829044342041,2846983168.0,2063179710464.0,2048
0,block,9,708,5573861441536.0,0.005439732541814784,82,0.0400390625,0.8372886180877686,2721612032.0,34741714944.0,2048
0,block,10,104,5000728150016.0,0.004880391078202869,211,0.10302734375,0.9021406173706055,2441761792.0,296481521664.0,2048
0,block,11,537,4854242082816.0,0.004737430038530753,28,0.013671875,0.9975147843360901,2370235392.0,41070288896.0,2048
0,block,12,21,4725037596672.0,0.004611334717504564,49,0.02392578125,0.9979583024978638,2307147264.0,211286409216.0,2048
0,block,13,551,4611176923136.0,0.004500213976961713,182,0.0888671875,1.155042290687561,2251551488.0,30657562624.0,2048
0,block,14,521,4489827319808.0,0.004381784519558888,20,0.009765625,0.8661496639251709,2192298496.0,208338026496.0,2048
0,block,15,730,4206425014272.0,0.004105201981578775,53,0.02587890625,0.8418651819229126,2053918464.0,212839759872.0,2048
0,block,16,271,3927488331776.0,0.003832977606288023,19,0.00927734375,0.8777720332145691,1917718912.0,30717276160.0,2048
0,block,17,123,3790012678144.0,0.003698810154403326,15,0.00732421875,0.8889935612678528,1850592128.0,4510805131264.0,2048
0,block,18,570,3775526862848.0,0.003684672924461949,339,0.16552734375,1.0607175827026367,1843518976.0,29866633216.0,2048
0,block,19,662,3732945764352.0,0.003643116493685105,226,0.1103515625,1.0488295555114746,1822727424.0,326002278400.0,2048
0,block,20,558,3585672216576.0,0.003499386923298645,24,0.01171875,1.214977741241455,1750816512.0,4673161728.0,2048
0,block,21,680,3478915121152.0,0.0033951988210038876,38,0.0185546875,1.1426525115966797,1698689024.0,19427807232.0,2048
0,block,22,214,3451965407232.0,0.0033688976225724416,50,0.0244140625,0.8925660252571106,1685529984.0,201708650496.0,2048
0,block,23,134,3426174107648.0,0.0033437269624987465,42,0.0205078125,0.8570404648780823,1672936576.0,17948565504.0,2048
0,block,24,61,3188468744192.0,0.0031117417195001005,45,0.02197265625,1.1081379652023315,1556869504.0,17229822296064.0,2048
0,block,25,195,3169316765696.0,0.0030930506124897117,20,0.009765625,0.9363870620727539,1547517952.0,121340329984.0,2048
0,block,26,258,3093227372544.0,0.0030187922276415564,263,0.12841796875,0.8391039371490479,1510364928.0,548259233792.0,2048
0,block,27,246,2960769417216.0,0.0028895217286207895,16,0.0078125,0.8525369763374329,1445688192.0,1326862303232.0,2048
0,block,28,252,2864265035776.0,0.002795339619924128,1,0.00048828125,0.9499315619468689,1398566912.0,20099317760.0,2048
0,block,29,408,2805485535232.0,0.0027379745839872633,35,0.01708984375,1.079285740852356,1369865984.0,8523237376.0,2048
0,block,30,495,2798614216704.0,0.002731268616249458,524,0.255859375,1.158355474472046,1366510848.0,18521612288.0,2048
0,block,31,69,2775177756672.0,0.0027083961290808715,31,0.01513671875,1.0176987648010254,1355067264.0,40781492224.0,2048
0,block,32,147,2712807669760.0,0.0026475269103229814,60,0.029296875,0.723355233669281,1324613120.0,376229068800.0,2048
1,block,1,690,1.2503694549450752e+16,0.8225476333529746,2048,1.0,153245745152.0,6258564792320.0,255.67958068847656,2048
1,block,2,487,397706925178880.0,0.026162898396166135,2046,0.9990234375,14052373504.0,208245194752.0,41.0433349609375,2048
1,block,3,443,79179819253760.0,0.005208794303069208,1805,0.88134765625,5225293312.0,43887321088.0,114.25422668457031,2048
1,block,4,158,39819799429120.0,0.002619520306696196,618,0.3017578125,3509611520.0,22952771584.0,269.0294189453125,2048
1,block,5,192,33450398580736.0,0.0022005133025667784,823,0.40185546875,3105683456.0,19438583808.0,3.919999900686746e+16,2048
1,block,6,236,27602299387904.0,0.001815799797957958,386,0.1884765625,3132870656.0,16610415616.0,752.0498046875,2048
1,block,7,104,23173200347136.0,0.001524434320381598,531,0.25927734375,2441761792.0,13756085248.0,6.697800064145818e+16,2048
1,block,8,662,18946346450944.0,0.0012463734116564841,165,0.08056640625,1822727424.0,11073842176.0,1092781279805440.0,2048
1,block,9,708,18165788573696.0,0.0011950249056540269,23,0.01123046875,2721612032.0,11591360512.0,245.5969696044922,2048
1,block,10,21,17815601938432.0,0.0011719880994581415,20,0.009765625,2307147264.0,11005972480.0,3298.893310546875,2048
1,block,11,551,17463642161152.0,0.0011488346482368126,112,0.0546875,2251551488.0,10778560512.0,222.7319793701172,2048
1,block,12,131,17084455059456.0,0.001123890064708761,14,0.0068359375,2846983168.0,11188444160.0,1673.7686767578125,2048
1,block,13,258,16723233210368.0,0.001100127313954763,754,0.3681640625,1510364928.0,9675530240.0,2482.673583984375,2048
1,block,14,684,15294056628224.0,0.0010061098369093342,13,0.00634765625,5003894784.0,12470717440.0,106.04164123535156,2048
1,block,15,537,15023524020224.0,0.0009883130204903837,7,0.00341796875,2370235392.0,9705704448.0,376.4821472167969,2048
1,block,16,570,14586909556736.0,0.0009595906143080038,271,0.13232421875,1843518976.0,8965927936.0,1982.136474609375,2048
1,block,17,495,13773578436608.0,0.0009060861412622353,435,0.21240234375,1366510848.0,8091826176.0,47.861419677734375,2048
1,block,18,730,13478606667776.0,0.0008866816101135309,8,0.00390625,2053918464.0,8634905600.0,197.6223907470703,2048
1,block,19,123,13326654373888.0,0.0008766855246184946,7,0.00341796875,1850592128.0,8357266432.0,48247.984375,2048
1,block,20,271,12668237774848.0,0.0008333720053095591,7,0.00341796875,1917718912.0,8102922752.0,11945.2236328125,2048
1,block,21,134,12148493254656.0,0.0007991809409532335,17,0.00830078125,1672936576.0,7604667392.0,92.82656860351562,2048
1,block,22,558,11878657949696.0,0.0007814299961735023,5,0.00244140625,1750816512.0,7550593024.0,599.214111328125,2048
1,block,23,680,11794672254976.0,0.0007759050503941386,5,0.00244140625,1698689024.0,7457601536.0,84265.9453125,2048
1,block,24,521,11484446851072.0,0.0007554970685150215,3,0.00146484375,2192298496.0,7799712768.0,9702.2353515625,2048
1,block,25,214,11111126532096.0,0.0007309384275755902,7,0.00341796875,1685529984.0,7110683136.0,804.1702880859375,2048
1,block,26,69,10665888579584.0,0.0007016487306248791,10,0.0048828125,1355067264.0,6562684416.0,578.5316162109375,2048
1,block,27,195,9942427762688.0,0.0006540563186055408,2,0.0009765625,1547517952.0,6401897984.0,2005.5501708984375,2048
1,block,28,207,9844450918400.0,0.0006476109739057195,28,0.013671875,1119253888.0,5925793280.0,1830125024837632.0,2048
1,block,29,583,9328896507904.0,0.000613695553264162,21,0.01025390625,1120122112.0,5674650112.0,4261.49462890625,2048
1,block,30,61,9306180157440.0,0.0006122011725242389,6,0.0029296875,1556869504.0,6100564992.0,4410.96728515625,2048
1,block,31,571,9131603787776.0,0.0006007167765212364,7,0.00341796875,1254932480.0,5712410112.0,2829.228515625,2048
1,block,32,504,8985366233088.0,0.0005910966315280732,37,0.01806640625,1132457984.0,5519237120.0,125545.2421875,2048
2,block,1,690,181310400233472.0,0.0639426066731944,887,0.43310546875,6258564792320.0,3904043483136.0,1.0037819147109985,2048
2,block,2,443,58674210930688.0,0.020692591194823275,961,0.46923828125,43887321088.0,72517042176.0,1.78355872631073,2048
2,block,3,236,36460119982080.0,0.012858363934278173,335,0.16357421875,16610415616.0,34407821312.0,1.6928000490602496e+16,2048
2,block,4,158,35452253896704.0,0.012502920536693348,293,0.14306640625,22952771584.0,40249966592.0,1.7860500167589888e+16,2048
2,block,5,104,34250646618112.0,0.012079150573736357,404,0.197265625,13756085248.0,30477557760.0,47.00905227661133,2048
2,block,6,551,33840814882816.0,0.01193461551442106,174,0.0849609375,10778560512.0,27300200448.0,178.20809936523438,2048
2,block,7,21,30718094737408.0,0.010833328077235084,44,0.021484375,11005972480.0,26000494592.0,2.5538000096067584e+16,2048
2,block,8,537,30565063458816.0,0.010779358647775418,44,0.021484375,9705704448.0,24626642944.0,1429.255126953125,2048
2,block,9,662,29284794105856.0,0.010327846988396523,151,0.07373046875,11073842176.0,25368686592.0,141.21044921875,2048
2,block,10,192,26701704724480.0,0.00941687073936534,231,0.11279296875,19438583808.0,32442540032.0,5.802064895629883,2048
2,block,11,684,24383829573632.0,0.00859942739967057,45,0.02197265625,12470717440.0,24371329024.0,1782.5452880859375,2048
2,block,12,258,23040169607168.0,0.008125559818839629,484,0.236328125,9675530240.0,20918056960.0,12.413168907165527,2048
2,block,13,708,22251143430144.0,0.007847294532196764,40,0.01953125,11591360512.0,22450176000.0,79.80240631103516,2048
2,block,14,131,21199488811008.0,0.00747640826433309,16,0.0078125,11188444160.0,21535805440.0,115.08550262451172,2048
2,block,15,730,21057186562048.0,0.007426222633932168,35,0.01708984375,8634905600.0,18914191360.0,1152000020447232.0,2048
2,block,16,521,20316787048448.0,0.007165106477229706,6,0.0029296875,7799712768.0,17716936704.0,810031234678784.0,2048
2,block,17,570,20138873061376.0,0.007102361681110149,176,0.0859375,8965927936.0,18793435136.0,18.450868606567383,2048
2,block,18,195,19745191493632.0,0.006963522289611779,26,0.0126953125,6401897984.0,16039870464.0,162.0098419189453,2048
2,block,19,69,19283966951424.0,0.006800862566548712,86,0.0419921875,6562684416.0,15972034560.0,544500015431680.0,2048
2,block,20,134,18989369524224.0,0.006696967106662639,33,0.01611328125,7604667392.0,16874130432.0,5307.7890625,2048
2,block,21,558,18151551008768.0,0.006401494261595075,16,0.0078125,7550593024.0,16410353664.0,136125003857920.0,2048
2,block,22,680,17888561856512.0,0.006308746068990745,12,0.005859375,7457601536.0,16186451968.0,95.232421875,2048
2,block,23,214,17319818428416.0,0.006108167738823929,26,0.0126953125,7110683136.0,15563790336.0,221.14437866210938,2048
2,block,24,268,17139932069888.0,0.006044727347900863,122,0.0595703125,5343002624.0,13707905024.0,9940499943129088.0,2048
2,block,25,408,16191887245312.0,0.00571038107075206,18,0.0087890625,4940370432.0,12844512256.0,599.4219360351562,2048
2,block,26,123,15640249237504.0,0.005515835296688187,9,0.00439453125,8357266432.0,15984373760.0,4.513199738270515e+16,2048
2,block,27,495,15456363610112.0,0.005450984486530362,233,0.11376953125,8091826176.0,15630000128.0,8.23912239074707,2048
2,block,28,61,15445296939008.0,0.005447081611699831,19,0.00927734375,6100564992.0,13639010304.0,6844500148224000.0,2048
2,block,29,147,15168045056000.0,0.00534930339223887,26,0.0126953125,5257987584.0,12662052864.0,851.258056640625,2048
2,block,30,271,14758187106304.0,0.005204759087910237,3,0.00146484375,8102922752.0,15299007488.0,731.8274536132812,2048
2,block,31,246,14319947350016.0,0.005050205392541432,5,0.00244140625,5346846208.0,12336999424.0,234.0359649658203,2048
2,block,32,207,13903264219136.0,0.004903254056540265,65,0.03173828125,5925793280.0,12695921664.0,927.9813842773438,2048
3,block,1,690,633366814654464.0,0.2633712102946574,1649,0.80517578125,3904043483136.0,2295127867392.0,1.741655707359314,2048
3,block,2,104,31651323183104.0,0.01316148415307994,279,0.13623046875,30477557760.0,45921705984.0,3.4444758892059326,2048
3,block,3,551,23624285159424.0,0.009823622631978323,97,0.04736328125,27300200448.0,38801457152.0,28.572145462036133,2048
3,block,4,236,22856029175808.0,0.009504160823213611,167,0.08154296875,34407821312.0,45522411520.0,24.138221740722656,2048
3,block,5,131,22286992146432.0,0.00926753969362223,40,0.01953125,21535805440.0,32396873728.0,1039.0616455078125,2048
3,block,6,708,19037939564544.0,0.007916494941980707,47,0.02294921875,22450176000.0,31729364992.0,273.0431823730469,2048
3,block,7,570,18726749470720.0,0.007787093606536809,302,0.1474609375,18793435136.0,27898290176.0,1.1250000038199296e+16,2048
3,block,8,629,17719380410368.0,0.007368202053490981,198,0.0966796875,11203512320.0,19838437376.0,109.3069076538086,2048
3,block,9,214,17660607725568.0,0.007343762766856604,65,0.03173828125,15563790336.0,24170018816.0,207.24159240722656,2048
3,block,10,537,16705274249216.0,0.006946509030032558,27,0.01318359375,24626642944.0,32757090304.0,205.23583984375,2048
3,block,11,662,16508210118656.0,0.006864564385364734,81,0.03955078125,25368686592.0,33406433280.0,19.803733825683594,2048
3,block,12,158,16079639281664.0,0.006686352932816252,75,0.03662109375,40249966592.0,47997493248.0,9.704322814941406,2048
3,block,13,558,14633003909120.0,0.00608480245668366,21,0.01025390625,16410353664.0,23534602240.0,8.158599616397312e+16,2048
3,block,14,722,14190161952768.0,0.005900656683152237,293,0.14306640625,9478663168.0,16385638400.0,1.824079997954949e+17,2048
3,block,15,394,13770589995008.0,0.005726187210227237,946,0.4619140625,3412067328.0,10029980672.0,81.29466247558594,2048
3,block,16,21,13459803602944.0,0.005596953744994834,18,0.0087890625,26000494592.0,32526243840.0,29.294321060180664,2048
3,block,17,684,13046620618752.0,0.005425140981676672,23,0.01123046875,24371329024.0,30714593280.0,212695320100864.0,2048
3,block,18,61,12847093383168.0,0.0053421721107054735,19,0.00927734375,13639010304.0,19877615616.0,2.5021249387862426e+17,2048
3,block,19,134,12647293517824.0,0.005259089872838202,24,0.01171875,16874130432.0,23030482944.0,8.48719983327314e+16,2048
3,block,20,322,12215136550912.0,0.005079387209579825,224,0.109375,9047230464.0,14987859968.0,49.745399475097656,2048
3,block,21,195,12197158715392.0,0.0050719115348368034,17,0.00830078125,16039870464.0,21974540288.0,17.10897445678711,2048
3,block,22,680,12020296450048.0,0.0049983673771680495,9,0.00439453125,16186451968.0,22024022016.0,5.313800110604288e+16,2048
3,block,23,246,11863716790272.0,0.004933257280540665,7,0.00341796875,12336999424.0,18111764480.0,9969999926001664.0,2048
3,block,24,268,11127496900608.0,0.004627116954117675,45,0.02197265625,13707905024.0,19104649216.0,154.30380249023438,2048
3,block,25,408,11082086219776.0,0.004608233953470486,16,0.0078125,12844512256.0,18242744320.0,160.17135620117188,2048
3,block,26,147,10702293041152.0,0.004450305582735705,22,0.0107421875,12662052864.0,17867816960.0,1953124969349120.0,2048
3,block,27,495,10583968579584.0,0.004401103041760095,135,0.06591796875,15630000128.0,20752535552.0,21.364608764648438,2048
3,block,28,730,10561746108416.0,0.004391862331650508,7,0.00341796875,18914191360.0,24000065536.0,7.372800130862285e+16,2048
3,block,29,187,10145593556992.0,0.004218814741218189,166,0.0810546875,8329183744.0,13264057344.0,4.681799967965184e+16,2048
3,block,30,45,9983074762752.0,0.004151234990362488,138,0.0673828125,6583156736.0,11448206336.0,96.85577392578125,2048
3,block,31,421,9704164032512.0,0.004035256295413732,38,0.0185546875,9534689280.0,14259755008.0,43.21467590332031,2048
3,block,32,521,9086068326400.0,0.0037782352289003904,4,0.001953125,17716936704.0,22111680512.0,220499997097984.0,2048
4,block,1,690,78284494733312.0,0.05589032395339005,323,0.15771484375,2295127867392.0,972239011840.0,0.7485654950141907,2048
4,block,2,629,17921596194816.0,0.012794919613422303,316,0.154296875,19838437376.0,28523200512.0,3444499883753472.0,2048
4,block,3,495,16664982716416.0,0.011897774723732078,269,0.13134765625,20752535552.0,28770678784.0,187.26193237304688,2048
4,block,4,570,13446020071424.0,0.00959963298269701,496,0.2421875,27898290176.0,34365554688.0,207.8756561279297,2048
4,block,5,662,10227212615680.0,0.007301602037259134,94,0.0458984375,33406433280.0,38155968512.0,749.3297119140625,2048
4,block,6,722,9325701496832.0,0.0066579784352719905,245,0.11962890625,16385638400.0,20708497408.0,6.609217643737793,2048
4,block,7,551,8638924062720.0,0.006167661503328324,96,0.046875,38801457152.0,42746224640.0,1.1519999936036864e+17,2048
4,block,8,443,8385926791168.0,0.005987036981007071,280,0.13671875,73261809664.0,76864454656.0,1.3342567682266235,2048
4,block,9,104,7193808076800.0,0.005135937393995564,199,0.09716796875,45921705984.0,49078775808.0,5.660479992312627e+17,2048
4,block,10,548,6531478192128.0,0.00466307451170404,220,0.107421875,5728487936.0,7949165568.0,1.920799947041538e+18,2048
4,block,11,765,6431741837312.0,0.004591868876417177,293,0.14306640625,8231947776.0,9428773888.0,1.3711679656506163e+18,2048
4,block,12,654,6136178147328.0,0.004380854544162239,155,0.07568359375,7997969408.0,10732887040.0,2.832200004481843e+16,2048
4,block,13,531,6090688823296.0,0.004348377959044965,284,0.138671875,1708454016.0,4251907072.0,2.1291520403859046e+18,2048
4,block,14,628,5977856278528.0,0.00426782244800728,160,0.078125,10881821696.0,13152952320.0,46.094810485839844,2048
4,block,15,11,5759590989824.0,0.004111994429508799,338,0.1650390625,1971585408.0,4323037696.0,8.192000030870077e+17,2048
4,block,16,667,5668299866112.0,0.004046818170842068,116,0.056640625,8449525248.0,11099446272.0,68.90975189208984,2048
4,block,17,322,5270932553728.0,0.0037631223011390315,195,0.09521484375,14987859968.0,16618244096.0,50000000188416.0,2048
4,block,18,182,5089607548928.0,0.0036336673778665997,146,0.0712890625,8711903232.0,10706327552.0,80.21820068359375,2048
4,block,19,114,5075386761216.0,0.003623514608345589,260,0.126953125,5643471872.0,4692488192.0,1.81228460901086e+18,2048
4,block,20,264,4935278133248.0,0.0035234856481731686,90,0.0439453125,10675863552.0,12773719040.0,2.6600499843170304e+16,2048
4,block,21,189,4889094651904.0,0.003490513477344133,118,0.0576171875,2637806848.0,4364430848.0,1.1036352361848111e+19,2048
4,block,22,380,4832054214656.0,0.0034497901064251,199,0.09716796875,5068027904.0,5462953472.0,4.231999983064187e+17,2048
4,block,23,617,4792659738624.0,0.0034216648686637373,108,0.052734375,8758604800.0,9865201664.0,4.841279920506143e+17,2048
4,block,24,2,4364222070784.0,0.0031157866723365265,150,0.0732421875,5275575296.0,6261405184.0,2.784800101158093e+16,2048
4,block,25,214,4175617851392.0,0.002981134836660699,105,0.05126953125,24170018816.0,24647798784.0,504.5620422363281,2048
4,block,26,291,4018639994880.0,0.00286906228278074,160,0.078125,1886850560.0,3111518208.0,1084.265625,2048
4,block,27,696,3956045250560.0,0.0028243734775487157,192,0.09375,3235171840.0,4129724160.0,379.3819274902344,2048
4,block,28,513,3870314987520.0,0.002763167332063101,86,0.0419921875,3548435200.0,4796164608.0,5.324799779547382e+17,2048
4,block,29,37,3851452678144.0,0.002749700800981498,93,0.04541015625,1741963648.0,2959306496.0,1165.56298828125,2048
4,block,30,13,3789357318144.0,0.002705368525500571,80,0.0390625,2647412992.0,3756285440.0,1.1597120884199916e+18,2048
4,block,31,476,3733777547264.0,0.002665687980709157,130,0.0634765625,2122148480.0,3184158720.0,4.681799967965184e+16,2048
4,block,32,101,3726387445760.0,0.002660411901857092,114,0.0556640625,8187826176.0,7768990720.0,176.9146270751953,2048
5,block,1,690,892972958744576.0,0.2227069790658686,1793,0.87548828125,972239011840.0,1270747103232.0,2.0017449855804443,2048
5,block,2,628,33909150580736.0,0.008456924047445271,783,0.38232421875,13152952320.0,29682681856.0,1.1796480209379656e+18,2048
5,block,3,365,29625593888768.0,0.007388607295875582,884,0.431640625,6198086656.0,19819005952.0,8.388607965640262e+18,2048
5,block,4,322,28704275169280.0,0.0071588308992168595,433,0.21142578125,16618244096.0,30548856832.0,5.1612800666671514e+17,2048
5,block,5,214,23928439308288.0,0.005967739985768266,106,0.0517578125,24647798784.0,36177166336.0,47.61872100830078,2048
5,block,6,104,23921130733568.0,0.005965917231135856,216,0.10546875,49078775808.0,60656128000.0,3.264320143055913e+17,2048
5,block,7,158,23210982637568.0,0.005788806675210527,77,0.03759765625,38682902528.0,49819746304.0,4670.66259765625,2048
5,block,8,189,20776872837120.0,0.005181740990786529,406,0.1982421875,4364430848.0,14425499648.0,3.0751998824708833e+18,2048
5,block,9,722,18527006228480.0,0.004620625460014105,156,0.076171875,20708497408.0,29504978944.0,3527999953567744.0,2048
5,block,10,45,18069971795968.0,0.004506641316600703,190,0.0927734375,12057846784.0,20800118784.0,2415125071921152.0,2048
5,block,11,176,17918590976000.0,0.004468887020937612,343,0.16748046875,1185375232.0,9580280832.0,6.934176183441424e+18,2048
5,block,12,281,17887066587136.0,0.004461024855188865,222,0.1083984375,2041426688.0,10693346304.0,2405.691650390625,2048
5,block,13,654,17299891290112.0,0.004314583649661024,180,0.087890625,10732887040.0,18837850112.0,184.3910675048828,2048
5,block,14,506,16327777452032.0,0.004072138977549906,182,0.0888671875,7374456320.0,14379847680.0,752.8141479492188,2048
5,block,15,162,15887677521920.0,0.003962378289992088,266,0.1298828125,1355048064.0,8909901824.0,6.930559889697669e+18,2048
5,block,16,443,15396046372864.0,0.003839765743947162,151,0.07373046875,76864454656.0,83875676160.0,28.115127563476562,2048
5,block,17,508,14800848420864.0,0.0036913236925523807,225,0.10986328125,8913260544.0,14526603264.0,5.983872131845325e+18,2048
5,block,18,548,14316174573568.0,0.003570446293851219,183,0.08935546875,7949165568.0,14430390272.0,347.22601318359375,2048
5,block,19,20,13937238081536.0,0.0034759397350894506,219,0.10693359375,1043598976.0,7595115520.0,1.4111999470673592e+18,2048
5,block,20,617,13793010647040.0,0.0034399694899431895,163,0.07958984375,9865201664.0,16269857792.0,34.911460876464844,2048
5,block,21,580,13627375484928.0,0.0033986601689611636,157,0.07666015625,1411640192.0,7844712448.0,1416.292724609375,2048
5,block,22,195,13287463845888.0,0.0033138863876964395,51,0.02490234375,20936298496.0,27023579136.0,1984499973881856.0,2048
5,block,23,622,13158614827008.0,0.0032817515111927785,166,0.0810546875,2534289408.0,8420360192.0,9.286655528103051e+18,2048
5,block,24,757,12943517286400.0,0.00322810629942662,162,0.0791015625,2581524480.0,8694126592.0,2.93478400126668e+18,2048
5,block,25,668,12687027208192.0,0.0031641378108865194,161,0.07861328125,4460360704.0,9711446016.0,1.3035904416912245e+19,2048
5,block,26,101,12550917849088.0,0.003130192209407994,191,0.09326171875,7768990720.0,13383242752.0,2.740512116388659e+18,2048
5,block,27,293,12026590003200.0,0.0029994251246331103,132,0.064453125,1946053888.0,7507058688.0,1.1250000038199296e+16,2048
5,block,28,11,11926329360384.0,0.0029744201738536986,182,0.0888671875,4323037696.0,9765149696.0,1895.411865234375,2048
5,block,29,380,11372682280960.0,0.002836340887891324,83,0.04052734375,5462953472.0,10860474368.0,296.17291259765625,2048
5,block,30,667,11325991288832.0,0.0028246961793874583,126,0.0615234375,11099446272.0,15151817728.0,4.1223199186223104e+17,2048
5,block,31,529,11142839664640.0,0.0027790182621164217,110,0.0537109375,2321369600.0,7178104320.0,2.6838081027209953e+18,2048
5,block,32,684,11027976552448.0,0.002750371463272313,29,0.01416015625,27007336448.0,32167624704.0,82.15470123291016,2048
6,block,1,690,3.25911245225984e+16,0.9025247625378504,1634,0.7978515625,642171928576.0,16443151220736.0,4.467159271240234,2048
6,block,2,189,88819890126848.0,0.0024596313082044076,1909,0.93212890625,10318017536.0,53687099392.0,185.2964324951172,2048
6,block,3,230,26929973428224.0,0.000745754196256887,595,0.29052734375,8351255552.0,20931041280.0,4248.390625,2048
6,block,4,20,24696720457728.0,0.0006839101777884148,531,0.25927734375,4272837376.0,16225037312.0,8443.8935546875,2048
6,block,5,629,20991245811712.0,0.0005812968843236029,389,0.18994140625,24343240704.0,27235450880.0,290.7075500488281,2048
6,block,6,495,20573386178560.0,0.0005697253699401958,423,0.20654296875,25864777728.0,31622072320.0,477.83135986328125,2048
6,block,7,436,19657092235264.0,0.0005443510391767797,242,0.1181640625,1086295936.0,10467445760.0,2.1418960673465958e+18,2048
6,block,8,548,18970824409088.0,0.0005253466717015981,221,0.10791015625,8454973952.0,17522372608.0,4.2370881792801505e+18,2048
6,block,9,15,18965139030016.0,0.000525189230205729,450,0.2197265625,2594081536.0,11712733184.0,1.0323967783095763e+19,2048
6,block,10,628,18735932899328.0,0.0005188419742671385,318,0.1552734375,28007100416.0,36473073664.0,4.914164066314697,2048
6,block,11,293,18419592200192.0,0.0005100817575347943,141,0.06884765625,3507843584.0,12290814976.0,438.79364013671875,2048
6,block,12,529,17755480784896.0,0.0004916909531005044,181,0.08837890625,3451470848.0,11858634752.0,1.0764800374498918e+17,2048
6,block,13,697,17467728461824.0,0.00048372241562735904,274,0.1337890625,2896200704.0,11237424128.0,7.787519939581051e+17,2048
6,block,14,590,17414777470976.0,0.00048225607836096314,260,0.126953125,2749634816.0,11119101952.0,2.9185279967279186e+18,2048
6,block,15,681,16596686864384.0,0.0004596012285739628,260,0.126953125,11537289216.0,18797942784.0,521.1549072265625,2048
6,block,16,214,15739765391360.0,0.00043587106091993457,224,0.109375,33150011392.0,37611622400.0,4.147200080052486e+18,2048
6,block,17,78,15492392681472.0,0.00042902072974786333,197,0.09619140625,4024174080.0,10957536256.0,567.64697265625,2048
6,block,18,506,15156318830592.0,0.00041971405570995657,183,0.08935546875,11657559040.0,17983346688.0,197.53379821777344,2048
6,block,19,239,14460403056640.0,0.0004004425139073143,60,0.029296875,1933093120.0,8913640448.0,6.635519688279327e+17,2048
6,block,20,648,14127416213504.0,0.0003912213263621849,97,0.04736328125,4018562560.0,9931107328.0,6.308639829143847e+18,2048
6,block,21,751,13353209561088.0,0.00036978172630657854,64,0.03125,1448641536.0,7757786624.0,4.936960040830501e+18,2048
6,block,22,271,13136018014208.0,0.0003637671824040758,95,0.04638671875,10989934592.0,14476332032.0,2.437632122186367e+18,2048
6,block,23,531,12841412198400.0,0.0003556088556249547,48,0.0234375,2430102272.0,8596866048.0,7.408767733187215e+18,2048
6,block,24,241,12394174611456.0,0.00034322379672111874,99,0.04833984375,2051698560.0,7777660416.0,4.626432118623306e+18,2048
6,block,25,555,12387940827136.0,0.0003430511685962678,83,0.04052734375,1900726400.0,7789933056.0,5.832000026674463e+17,2048
6,block,26,286,12347647197184.0,0.00034193534337277783,77,0.03759765625,6672237568.0,11185473536.0,7.009280111883059e+17,2048
6,block,27,101,12210187272192.0,0.0003381287552915396,174,0.0849609375,8066423808.0,12080658432.0,2344.784912109375,2048
6,block,28,273,11807271944192.0,0.00032697108380727043,51,0.02490234375,4365382144.0,9730532352.0,1.5068479753960817e+18,2048
6,block,29,382,11748534910976.0,0.0003253445174419801,64,0.03125,6406306304.0,11589673984.0,5.0508798221090816e+17,2048
6,block,30,123,11611755511808.0,0.00032155677471869444,162,0.0791015625,15136518144.0,17439422464.0,1.3520000420046438e+17,2048
6,block,31,9,11565682130944.0,0.0003202808946214991,63,0.03076171875,1492776320.0,6894508544.0,1.174739223787969e+19,2048
6,block,32,592,11453556850688.0,0.0003171758823391715,85,0.04150390625,2843472384.0,8171160064.0,2036.4661865234375,2048
7,block,1,690,6704180882309120.0,0.5527470543861943,1972,0.962890625,16964903763968.0,11247301951488.0,6.741880416870117,2048
7,block,2,189,170212791943168.0,0.014033723286569605,1827,0.89208984375,62302441472.0,145381720064.0,2.3637983798980713,2048
7,block,3,128,50228870774784.0,0.004141275549287381,848,0.4140625,13431097344.0,35437244416.0,9.469951813034705e+18,2048
7,block,4,71,43010062548992.0,0.003546098442190738,509,0.24853515625,4710522368.0,25133053952.0,1.8096128507309457e+19,2048
7,block,5,4,40418536325120.0,0.0033324319985555775,219,0.10693359375,6259488256.0,25879857152.0,189.2278289794922,2048
7,block,6,230,37251585146880.0,0.0030713228539953077,573,0.27978515625,43684749312.0,52564279296.0,71.01443481445312,2048
7,block,7,527,36089347702784.0,0.002975498571357496,289,0.14111328125,5583916032.0,22890348544.0,2856.158203125,2048
7,block,8,294,35792378396672.0,0.0029510140128292985,348,0.169921875,2571064320.0,19536152576.0,2.367487953258676e+18,2048
7,block,9,78,35340018515968.0,0.002913717794846662,237,0.11572265625,17204436992.0,32093984768.0,1117.18798828125,2048
7,block,10,237,35088641294336.0,0.0028929922175932907,341,0.16650390625,9105319936.0,25226393600.0,1570.9688720703125,2048
7,block,11,326,35085011124224.0,0.002892692916922328,288,0.140625,3906336000.0,20583235584.0,4431.5390625,2048
7,block,12,420,34302624530432.0,0.0028281866196279114,425,0.20751953125,39991803904.0,36221976576.0,2.8037120447532237e+18,2048
7,block,13,597,32612148051968.0,0.002688810026068836,161,0.07861328125,6659532800.0,22309976064.0,6.365311956974305e+18,2048
7,block,14,286,31995497283584.0,0.0026379683346239237,337,0.16455078125,21490315264.0,34359820288.0,77.55244445800781,2048
7,block,15,436,31518491672576.0,0.0025986401227157236,273,0.13330078125,11959805952.0,26012258304.0,1.3107200049392124e+19,2048
7,block,16,202,27388807217152.0,0.0022581554373601203,253,0.12353515625,5569643008.0,17959518208.0,3.527999867668398e+17,2048
7,block,17,323,25299588743168.0,0.0020859033192063324,177,0.08642578125,13591455744.0,21756446720.0,704.0928955078125,2048
7,block,18,1,25261575766016.0,0.002082769221019235,74,0.0361328125,12296084480.0,24001908736.0,1842.022705078125,2048
7,block,19,58,24948454195200.0,0.002056952938766166,61,0.02978515625,6517995520.0,18047475712.0,217.2464141845703,2048
7,block,20,165,24815670919168.0,0.0020460052083891246,68,0.033203125,8910172160.0,20472694784.0,19173.767578125,2048
7,block,21,118,24714300882944.0,0.002037647440317309,75,0.03662109375,2492539904.0,14227629056.0,2.01483526669022e+19,2048
7,block,22,699,24650167877632.0,0.002032359795130306,278,0.1357421875,7062928384.0,18849415168.0,3885.072021484375,2048
7,block,23,587,24409813286912.0,0.0020125430129818325,67,0.03271484375,2916079104.0,14234793984.0,6802.1904296875,2048
7,block,24,529,23523112255488.0,0.0019394361872793605,78,0.0380859375,12377520128.0,22679906304.0,132.08868408203125,2048
7,block,25,10,23079187120128.0,0.001902835398123189,63,0.03076171875,8192039424.0,17228660736.0,18640.84375,2048
7,block,26,163,22904790056960.0,0.0018884566895752011,188,0.091796875,14443243520.0,24325906432.0,221.73748779296875,2048
7,block,27,530,22696056324096.0,0.001871246987447971,56,0.02734375,3839407616.0,14618695680.0,11212.68359375,2048
7,block,28,302,22463066931200.0,0.0018520374519525422,61,0.02978515625,4359203328.0,14902840320.0,12351.87109375,2048
7,block,29,382,22442181394432.0,0.0018503154788837293,102,0.0498046875,24142053376.0,31053758464.0,3.1150079758324204e+18,2048
7,block,30,271,22391587602432.0,0.0018461441162684958,58,0.0283203125,36299571200.0,33868963840.0,3.9618559547140997e+18,2048
7,block,31,273,22086743490560.0,0.0018210102948752122,140,0.068359375,16261114880.0,24981317632.0,259.10125732421875,2048
7,block,32,241,22012930031616.0,0.0018149245145656424,127,0.06201171875,10604271616.0,20632231936.0,5.555839951733522e+18,2048
8,block,1,690,2.169875459997696e+16,0.7681243890385254,1963,0.95849609375,14688923418624.0,21188134830080.0,2.871358633041382,2048
8,block,2,189,219074990702592.0,0.0077551383242625265,1867,0.91162109375,154486243328.0,259978395648.0,1.9273722171783447,2048
8,block,3,322,78233231949824.0,0.0027694148628249664,938,0.4580078125,208088432640.0,236699254784.0,92.54841613769531,2048
8,block,4,1,67087745679360.0,0.0023748705680087783,580,0.283203125,50760941568.0,79909306368.0,201.20660400390625,2048
8,block,5,562,55193714556928.0,0.001953828182971022,645,0.31494140625,21794734080.0,47543246848.0,3.3624321769424814e+18,2048
8,block,6,480,50546052431872.0,0.001789303412030024,604,0.294921875,134695829504.0,146519638016.0,24.54007339477539,2048
8,block,7,78,44272019570688.0,0.001567205980765019,317,0.15478515625,58978193408.0,76303499264.0,2591999878234112.0,2048
8,block,8,192,42999606149120.0,0.0015221632213963602,400,0.1953125,239663955968.0,237935689728.0,2.065215988986544e+19,2048
8,block,9,529,41187255779328.0,0.0014580069808109348,253,0.12353515625,30142296064.0,48201035776.0,16.115293502807617,2048
8,block,10,604,37468321611776.0,0.0013263586863356193,322,0.1572265625,9485982720.0,27152613376.0,115.70368957519531,2048
8,block,11,206,33991944044544.0,0.001203296766694381,270,0.1318359375,114451939328.0,110474231808.0,24.152713775634766,2048
8,block,12,340,31329267744768.0,0.0011090394397796385,180,0.087890625,60869488640.0,70694666240.0,55.81757354736328,2048
8,block,13,696,30425145671680.0,0.0010770339985545598,127,0.06201171875,17218494464.0,30933782528.0,15.948643684387207,2048
8,block,14,353,30041679331328.0,0.0010634594937578637,137,0.06689453125,15539633152.0,27385890816.0,4056.415283203125,2048
8,block,15,366,28175167913984.0,0.0009973859808530118,70,0.0341796875,74244644864.0,81368842240.0,1829.6807861328125,2048
8,block,16,71,27834177290240.0,0.0009853150938661844,74,0.0361328125,39602954240.0,49783382016.0,2.183200046277722e+18,2048
8,block,17,427,26729426976768.0,0.0009462075194813991,107,0.05224609375,10194268160.0,22878001152.0,58.048336029052734,2048
8,block,18,251,26011139833856.0,0.0009207805360911131,46,0.0224609375,10920806400.0,23132745728.0,457.8663635253906,2048
8,block,19,382,24651975622656.0,0.0008726668448411951,100,0.048828125,81546600448.0,84110237696.0,27.88081932067871,2048
8,block,20,148,23922701500416.0,0.0008468509282176759,50,0.0244140625,27855132672.0,35948670976.0,4.3808001214665196e+18,2048
8,block,21,444,23633558765568.0,0.0008366154289623278,107,0.05224609375,101552095232.0,90737451008.0,1.722368059919827e+18,2048
8,block,22,628,23403106926592.0,0.0008284575562512167,99,0.04833984375,188814098432.0,184541888512.0,2.0735292434692383,2048
8,block,23,530,22912551616512.0,0.0008110921587990882,53,0.02587890625,15930482688.0,25437202432.0,2.907040024363008e+18,2048
8,block,24,639,22313575645184.0,0.0007898887275189553,84,0.041015625,133974671360.0,125999644672.0,3.699199944146551e+18,2048
8,block,25,545,22060287918080.0,0.0007809224764958241,55,0.02685546875,8610532352.0,17505148928.0,1.2700799661045187e+19,2048
8,block,26,215,21776002187264.0,0.0007708589126037451,103,0.05029296875,14394720256.0,22613239808.0,5.698687952658366e+18,2048
8,block,27,675,21653190868992.0,0.0007665114571596988,37,0.01806640625,8455601664.0,18312146944.0,5.435520256867041e+17,2048
8,block,28,616,21384321302528.0,0.0007569936172984455,44,0.021484375,20518608896.0,25368215552.0,1.0617343873665466e+19,2048
8,block,29,552,20790250569728.0,0.000735963828857124,82,0.0400390625,61104447488.0,63317876736.0,4.718720176856498e+18,2048
8,block,30,245,20748177506304.0,0.0007344744647561274,84,0.041015625,24581005312.0,33505761280.0,1.267231956110672e+18,2048
8,block,31,154,20544330137600.0,0.0007272583761635112,49,0.02392578125,33900054528.0,36460265472.0,1.7974079418091438e+18,2048
8,block,32,566,20339306266624.0,0.0007200006400152845,34,0.0166015625,6755834368.0,13930519552.0,3102.676025390625,2048
9,block,1,690,2.1257655016226816e+16,0.6126443344831735,1988,0.970703125,22065316888576.0,31339178885120.0,1.61260986328125,2048
9,block,2,214,172179702415360.0,0.0049622086310671725,270,0.1318359375,333769244672.0,417248870400.0,7.8801960945129395,2048
9,block,3,570,158530497675264.0,0.0045688393743058995,476,0.232421875,500697825280.0,576632324096.0,515.08154296875,2048
9,block,4,629,155368109899776.0,0.00447769954949396,666,0.3251953125,227735814144.0,299317264384.0,22.448787689208984,2048
9,block,5,246,143240212774912.0,0.004128174286379518,46,0.0224609375,344024580096.0,412254765056.0,698.4774780273438,2048
9,block,6,134,138250761011200.0,0.003984378587706176,68,0.033203125,464732717056.0,529467244544.0,4.841279920506143e+17,2048
9,block,7,662,122964905295872.0,0.0035438411486248458,60,0.029296875,514685501440.0,568660721664.0,34.911346435546875,2048
9,block,8,551,122036965867520.0,0.0035170979903089614,288,0.140625,595139362816.0,646067585024.0,166.30845642089844,2048
9,block,9,521,120340789329920.0,0.0034682142848743453,59,0.02880859375,430220673024.0,486916784128.0,877.9616088867188,2048
9,block,10,195,109514141466624.0,0.003156190946936576,85,0.04150390625,350999085056.0,402821545984.0,6.697800064145818e+16,2048
9,block,11,158,103197662248960.0,0.0029741503971379923,173,0.08447265625,952053465088.0,993488732160.0,797.12158203125,2048
9,block,12,537,99146727948288.0,0.002857402715101765,123,0.06005859375,658837012480.0,703092686848.0,296.83917236328125,2048
9,block,13,680,96708855857152.0,0.0027871433885820226,22,0.0107421875,326553960448.0,372266303488.0,2.856049957876531e+16,2048
9,block,14,340,95315357073408.0,0.0027469828377443,393,0.19189453125,95088877568.0,141013090304.0,646.9075927734375,2048
9,block,15,495,93604609523712.0,0.002697679196620564,477,0.23291015625,268533366784.0,307136102400.0,20.639724731445312,2048
9,block,16,322,84929262125056.0,0.0024476562082240143,218,0.1064453125,262347489280.0,298804903936.0,2.5532777309417725,2048
9,block,17,1,83177930489856.0,0.0023971829362056563,517,0.25244140625,69201281024.0,105343885312.0,10.836298942565918,2048
9,block,18,421,71709487005696.0,0.002066663087212538,42,0.0205078125,370462654464.0,402522996736.0,6.440991401672363,2048
9,block,19,447,69416205156352.0,0.0020005708427339617,22,0.0107421875,154132217856.0,186369343488.0,105.86956787109375,2048
9,block,20,189,68195318759424.0,0.001965384970465616,584,0.28515625,262871826432.0,273990991872.0,1.1050081253051758,2048
9,block,21,21,64961984331776.0,0.0018722004674206726,26,0.0126953125,302445428736.0,330009837568.0,387.7181091308594,2048
9,block,22,230,64682861789184.0,0.0018641561725906458,213,0.10400390625,145317658624.0,174052278272.0,8.880860328674316,2048
9,block,23,552,64491832213504.0,0.0018586507117498456,299,0.14599609375,99412410368.0,124634988544.0,266.5191650390625,2048
9,block,24,206,62990225244160.0,0.0018153744895284005,147,0.07177734375,152706973696.0,180495417344.0,10.738227844238281,2048
9,block,25,210,62228795490304.0,0.0017934301299811829,56,0.02734375,184639438848.0,209796726784.0,19.23825454711914,2048
9,block,26,617,61628859023360.0,0.0017761399972152437,54,0.0263671875,121469722624.0,149171191808.0,163.6779327392578,2048
9,block,27,667,59186813599744.0,0.0017057603955053248,76,0.037109375,153706201088.0,180731936768.0,31.234909057617188,2048
9,block,28,258,59018072555520.0,0.0017008972887957797,35,0.01708984375,428854935552.0,447953272832.0,4.343120064141066e+17,2048
9,block,29,408,58361349406720.0,0.001681970567286321,21,0.01025390625,428204294144.0,453740756992.0,1.2700799832843878e+17,2048
9,block,30,488,57641573285888.0,0.001661226662928696,51,0.02490234375,201223143424.0,227542024192.0,21.092920303344727,2048
9,block,31,443,55852765544448.0,0.00160967333179051,286,0.1396484375,1001332342784.0,987825242112.0,4.18256950378418,2048
9,block,32,480,55807248957440.0,0.0016083615465002617,165,0.08056640625,189166419968.0,211486474240.0,5.672043323516846,2048
10,block,1,690,3.671440264842445e+16,0.5317141425617297,1968,0.9609375,26101843755008.0,42264965414912.0,2.6018610942835478e+20,2048
10,block,2,662,821416723218432.0,0.011896118611933813,225,0.10986328125,733881696256.0,1134492254208.0,1603.8548583984375,2048
10,block,3,570,678265933004800.0,0.009822945846347724,679,0.33154296875,650324934656.0,980389855232.0,28.005929946899414,2048
10,block,4,629,567457186054144.0,0.008218164789785003,767,0.37451171875,380977479680.0,657558011904.0,48.44391632080078,2048
10,block,5,551,527214818885632.0,0.0076353571118674135,265,0.12939453125,531408551936.0,788292370432.0,25.08669090270996,2048
10,block,6,147,473060649992192.0,0.006851072596739827,112,0.0546875,913343381504.0,1140796293120.0,96.01470947265625,2048
10,block,7,558,469475493150720.0,0.006799150777006927,71,0.03466796875,609645428736.0,836493443072.0,60.69743728637695,2048
10,block,8,537,461295895707648.0,0.006680690245792761,74,0.0361328125,703096356864.0,927105286144.0,8.60112190246582,2048
10,block,9,680,431688974860288.0,0.0062519097837219016,50,0.0244140625,421554487296.0,631605952512.0,192.35598754882812,2048
10,block,10,408,346659158491136.0,0.005020470548938514,59,0.02880859375,385417478144.0,552380006400.0,122.04928588867188,2048
10,block,11,708,344396717359104.0,0.004987704880431406,88,0.04296875,493564559360.0,655047524352.0,271.2030029296875,2048
10,block,12,214,331797934112768.0,0.0048052437548808825,456,0.22265625,459040096256.0,619790204928.0,41.4444580078125,2048
10,block,13,421,329017915867136.0,0.004764982306752825,255,0.12451171875,332223021056.0,492182470656.0,47.1957893371582,2048
10,block,14,495,316641699168256.0,0.004585744487926823,322,0.1572265625,335033040896.0,488199553024.0,950.5330810546875,2048
10,block,15,258,315423941722112.0,0.00456810838847765,108,0.052734375,656690774016.0,802374811648.0,50.731502532958984,2048
10,block,16,104,312887931305984.0,0.0045313807691601945,59,0.02880859375,810025025536.0,949500772352.0,263.06658935546875,2048
10,block,17,61,282419466862592.0,0.004090123053439578,111,0.05419921875,228289413120.0,365241204736.0,5.4915201020565914e+17,2048
10,block,18,613,273695046107136.0,0.003963772151158613,47,0.02294921875,287185338368.0,419796942848.0,804.8198852539062,2048
10,block,19,246,264979919929344.0,0.00383755585704329,33,0.01611328125,394836115456.0,520520466432.0,33564.0390625,2048
10,block,20,488,252368520216576.0,0.003654912014271537,309,0.15087890625,168401715200.0,291135520768.0,269.7510070800781,2048
10,block,21,442,246125332267008.0,0.0035644954178408518,28,0.013671875,315289632768.0,433124212736.0,25.680999755859375,2048
10,block,22,131,243307565285376.0,0.003523687275899272,48,0.0234375,133070667776.0,251280818176.0,3.698000170802217e+17,2048
10,block,23,182,243248559816704.0,0.003522832732724981,576,0.28125,195856695296.0,313510461440.0,3089.427490234375,2048
10,block,24,523,232414320263168.0,0.0033659265057687324,239,0.11669921875,271425716224.0,383511429120.0,27.754369735717773,2048
10,block,25,195,229865592717312.0,0.0033290147113798772,15,0.00732421875,387540647936.0,495662596096.0,31.536453247070312,2048
10,block,26,134,229047250452480.0,0.003317163118427817,32,0.015625,504881020928.0,614580289536.0,622.6773681640625,2048
10,block,27,184,218997094088704.0,0.0031716123294159796,23,0.01123046875,253608345600.0,359029276672.0,2.6542078753117307e+18,2048
10,block,28,443,212278272065536.0,0.0030743073909349243,248,0.12109375,960696680448.0,1040587489280.0,686.7919311523438,2048
10,block,29,158,211927225597952.0,0.0030692233814442033,65,0.03173828125,1222669369344.0,1316645371904.0,3871999990431744.0,2048
10,block,30,695,209090718466048.0,0.0030281438363960887,49,0.02392578125,273800429568.0,374077128704.0,1507.60107421875,2048
10,block,31,546,198799574171648.0,0.0028791029540787307,115,0.05615234375,272828841984.0,368564731904.0,149.3234405517578,2048
10,block,32,285,198759325630464.0,0.0028785200569860026,52,0.025390625,282831650816.0,377781551104.0,55.03310775756836,2048
11,block,1,690,3.132108581223174e+20,0.999068716761729,2048,1.0,49990332317696.0,1.5298496555699405e+17,3536.019287109375,2048
11,block,2,629,1.5224893486399488e+16,4.8563817006468354e-05,715,0.34912109375,898307653632.0,8283658649600.0,5.91871988314669e+17,2048
11,block,3,662,1.4312690751111168e+16,4.565410556914924e-05,1029,0.50244140625,1134645739520.0,8113161764864.0,1101797.125,2048
11,block,4,570,1.22713658097664e+16,3.914276077775449e-05,564,0.275390625,1207821926400.0,7119389589504.0,40708.7734375,2048
11,block,5,214,1.1059106995503104e+16,3.527594126450458e-05,1578,0.7705078125,917221277696.0,6308018782208.0,5612.84814453125,2048
11,block,6,495,8872797380018176.0,2.8302129580321727e-05,617,0.30126953125,785351966720.0,5059335159808.0,4597.61279296875,2048
11,block,7,442,6884526022197248.0,2.196001319923348e-05,1185,0.57861328125,359333003264.0,3713206321152.0,493905.875,2048
11,block,8,551,6543169537703936.0,2.087116657697544e-05,120,0.05859375,940370100224.0,4109274447872.0,24465.5703125,2048
11,block,9,680,4963244343033856.0,1.5831578082881367e-05,157,0.07666015625,512665714688.0,2918361071616.0,10802.9345703125,2048
11,block,10,420,4881814984327168.0,1.5571837646685982e-05,1367,0.66748046875,176774758400.0,2559061000192.0,3496.23974609375,2048
11,block,11,184,4654707314262016.0,1.4847417778680869e-05,986,0.4814453125,241881022464.0,2509755121664.0,72249.203125,2048
11,block,12,684,4432278205759488.0,1.4137921417876889e-05,382,0.1865234375,551921909760.0,2711214358528.0,1.4273741204532232e+20,2048
11,block,13,546,4331560417361920.0,1.381665544321473e-05,406,0.1982421875,429197426688.0,2539868913664.0,6185.4775390625,2048
11,block,14,558,4088221797449728.0,1.3040462675851276e-05,129,0.06298828125,696456052736.0,2681610698752.0,10711.54296875,2048
11,block,15,537,3307054756265984.0,1.0548724177094579e-05,21,0.01025390625,683433590784.0,2294532276224.0,1377.180908203125,2048
11,block,16,444,3177306210172928.0,1.013485693691012e-05,544,0.265625,223955779584.0,1774242103296.0,1978.5655517578125,2048
11,block,17,158,2605100870664192.0,8.309656949609715e-06,18,0.0087890625,1102625898496.0,2361449250816.0,286.778076171875,2048
11,block,18,147,2598185973317632.0,8.287600059053677e-06,11,0.00537109375,742254379008.0,2001605361664.0,3093.81591796875,2048
11,block,19,423,2547709101735936.0,8.126590751714858e-06,93,0.04541015625,223423463424.0,1458437619712.0,444.67303466796875,2048
11,block,20,192,2536121816842240.0,8.089630047609969e-06,250,0.1220703125,604651651072.0,1826400370688.0,1.474822198947664e+21,2048
11,block,21,703,2400089465159680.0,7.65571895063101e-06,388,0.189453125,50196750336.0,1220587028480.0,42435.8828125,2048
11,block,22,731,2366671398371328.0,7.549123204547847e-06,363,0.17724609375,149884354560.0,1301185822720.0,1.1214029042850202e+20,2048
11,block,23,441,2355282487279616.0,7.512795266053241e-06,151,0.07373046875,436016119808.0,1561977683968.0,6417.93017578125,2048
11,block,24,421,2246883149873152.0,7.1670269629690475e-06,35,0.01708984375,341908914176.0,1437432545280.0,254.069580078125,2048
11,block,25,623,2135287819927552.0,6.811064197968698e-06,160,0.078125,279670915072.0,1312014991360.0,87275.9453125,2048
11,block,26,104,2125092238655488.0,6.778542699961937e-06,5,0.00244140625,1019125825536.0,1978918764544.0,6883.86328125,2048
11,block,27,667,2111504975396864.0,6.735202536886249e-06,114,0.0556640625,335409479680.0,1327253422080.0,43935.94140625,2048
11,block,28,134,2101956726226944.0,6.704745875508987e-06,9,0.00439453125,598999957504.0,1621690679296.0,510653.5,2048
11,block,29,61,2048302518370304.0,6.533601615333733e-06,77,0.03759765625,121293578240.0,1107699302400.0,8.128511893020082e+18,2048
11,block,30,478,2048184138334208.0,6.533224010957366e-06,27,0.01318359375,298818994176.0,1296589651968.0,2775.947998046875,2048
11,block,31,377,1983037940170752.0,6.32542301391897e-06,33,0.01611328125,296497446912.0,1262276444160.0,5204.1552734375,2048
11,block,32,258,1911728061284352.0,6.097961330059825e-06,3,0.00146484375,747141660672.0,1663216648192.0,4530.193359375,2048
